run,mode,class_folder,from,to,sha256,collision
2026-10-07 07:16:19,move,A-Class,A-Class\mercedes-benz-a-class-w176 lci-a 45 amg-performance hatchback-2015–2018-facelifted amg exterior-obsidian black metallic-a-class w176 lci a 45 amg-45-angle-front-view.webp,A-Class/45 Angle Front View/mercedes-benz-a-class-w176 lci-a 45 amg-performance hatchback-2015–2018-facelifted amg exterior-obsidian black metallic-a-class w176 lci a 45 amg-45-angle-front-view.webp,eeaf8cd9ad82460b1bc9a558eb9f1a693ef4a1a8fb601d361d3e2101e9fb206a,No
2026-10-07 07:16:19,move,A-Class,A-Class\mercedes-benz-a-class-w176 lci-standard amg line-hatchback-2015–2018-major facelift-designo hyacinth red metallic-a-class w176 lci std amg-45-angle-front-view.webp,A-Class/45 Angle Front View/mercedes-benz-a-class-w176 lci-standard amg line-hatchback-2015–2018-major facelift-designo hyacinth red metallic-a-class w176 lci std amg-45-angle-front-view.webp,5d266f319b80ddfc09da6f37012e430caf62ee188995005b16522d0d8157f222,No
2026-10-07 07:16:19,move,A-Class,A-Class\mercedes-benz-a-class-w176-a 45 amg edition 1-performance hatchback-2013-special-designo diamond white bright-a-class w176 a 45 amg ed1-45-angle-front-view.webp,A-Class/45 Angle Front View/mercedes-benz-a-class-w176-a 45 amg edition 1-performance hatchback-2013-special-designo diamond white bright-a-class w176 a 45 amg ed1-45-angle-front-view.webp,8bf86dc2848f0caf65224441dc701fbde8457bd7cf22e3ef561d90397f3abe36,No
2026-10-07 07:16:19,move,A-Class,A-Class\mercedes-benz-a-class-w176-a 45 amg-performance hatchback-2013–2015-unique amg front rear body treatment-brilliant blue metallic-a-class w176 a 45 amg-45-angle-front-view.webp,A-Class/45 Angle Front View/mercedes-benz-a-class-w176-a 45 amg-performance hatchback-2013–2015-unique amg front rear body treatment-brilliant blue metallic-a-class w176 a 45 amg-45-angle-front-view.webp,fa2531cdd228858cc8c8f49580d335084d4a52724fca44864c17f185ea1d6921,No
2026-10-07 07:16:19,move,A-Class,A-Class\mercedes-benz-a-class-w176-amg sport amg line-hatchback-2012–2015-distinct amg exterior package-iridium silver metallic-a-class w176 amg sport amg l-45-angle-front-view.webp,A-Class/45 Angle Front View/mercedes-benz-a-class-w176-amg sport amg line-hatchback-2012–2015-distinct amg exterior package-iridium silver metallic-a-class w176 amg sport amg l-45-angle-front-view.webp,752e3f5be7e3283834b5832663e95dca202b6ecb7bd0446391e80a09ef1c1f86,No
2026-10-07 07:16:19,move,A-Class,"A-Class\mercedes-benz-a-class-w176-standard style-hatchback-2012–2015-major transition to low, sporty hatchback-hyacinth red metallic-a-class w176 std style-45-angle-front-view.webp","A-Class/45 Angle Front View/mercedes-benz-a-class-w176-standard style-hatchback-2012–2015-major transition to low, sporty hatchback-hyacinth red metallic-a-class w176 std style-45-angle-front-view.webp",cbdd20e870f207cdb7bc564af4ec654704abdf4ad199a77457ce44f89ba81d43,No
2026-10-07 07:16:19,move,A-Class,A-Class\mercedes-benz-a-class-w177 lci-a 35 amg-performance hatchback-2022–-facelifted amg-polar white-a-class w177 lci a 35 amg-45-angle-front-view.webp,A-Class/45 Angle Front View/mercedes-benz-a-class-w177 lci-a 35 amg-performance hatchback-2022–-facelifted amg-polar white-a-class w177 lci a 35 amg-45-angle-front-view.webp,f453a36e97fee6fdfe7dc90265ecdef54f2e1bbb011768fb0aeadcbbb9ac062e,No
2026-10-07 07:16:19,move,A-Class,A-Class\mercedes-benz-a-class-w177 lci-a 45 s amg-performance hatchback-2022–-facelifted flagship amg-amg solarbeam yellow-a-class w177 lci a 45 s amg-45-angle-front-view.webp,A-Class/45 Angle Front View/mercedes-benz-a-class-w177 lci-a 45 s amg-performance hatchback-2022–-facelifted flagship amg-amg solarbeam yellow-a-class w177 lci a 45 s amg-45-angle-front-view.webp,6061ea95e3e522e6e8e72ceeb7b00493017070213edd226214dfbbefef135e1b,No
2026-10-07 07:16:19,move,A-Class,A-Class\mercedes-benz-a-class-w177 lci-standard amg line-hatchback-2022–-facelifted generation-designo mocha black metallic-a-class w177 lci std amg-45-angle-front-view.webp,A-Class/45 Angle Front View/mercedes-benz-a-class-w177 lci-standard amg line-hatchback-2022–-facelifted generation-designo mocha black metallic-a-class w177 lci std amg-45-angle-front-view.webp,bb5bf8fb14d10c4e7d74321043fb7540ce8ea3d8b31968a9e1e94b313e6371b2,No
2026-10-07 07:16:19,move,A-Class,A-Class\mercedes-benz-a-class-w177-a 35 amg-performance hatchback-2019–2022-amg bodywork-selenite grey metallic-a-class w177 a 35 amg-45-angle-front-view.webp,A-Class/45 Angle Front View/mercedes-benz-a-class-w177-a 35 amg-performance hatchback-2019–2022-amg bodywork-selenite grey metallic-a-class w177 a 35 amg-45-angle-front-view.webp,9f17526bc459e5920a12ab9108bc2329dd6801e461d604c83160d462d6400477,No
2026-10-07 07:16:19,move,A-Class,A-Class\mercedes-benz-a-class-w177-a 45 s amg-performance hatchback-2019–2022-wider aggressive amg treatment-spectral blue metallic-a-class w177 a 45 s amg-45-angle-front-view.webp,A-Class/45 Angle Front View/mercedes-benz-a-class-w177-a 45 s amg-performance hatchback-2019–2022-wider aggressive amg treatment-spectral blue metallic-a-class w177 a 45 s amg-45-angle-front-view.webp,ad1175180a5f77c7d75f8eae500c2db08eec253835dff4786320624bce53f1c3,No
2026-10-07 07:16:19,move,A-Class,A-Class\mercedes-benz-a-class-w177-a 45 s edition 1-performance hatchback-2019-edition-specific graphics and aero-jupiter red-a-class w177 a 45 s ed1-45-angle-front-view.webp,A-Class/45 Angle Front View/mercedes-benz-a-class-w177-a 45 s edition 1-performance hatchback-2019-edition-specific graphics and aero-jupiter red-a-class w177 a 45 s ed1-45-angle-front-view.webp,da252814ca3f8b786eecd95b50b72b02be5764ee08ddf20ff7172c483d60dc97,No
2026-10-07 07:16:19,move,A-Class,A-Class\mercedes-benz-a-class-w177-standard amg line-hatchback-2018–2022-major new generation-amg green hell magno-a-class w177 std amg-45-angle-front-view.webp,A-Class/45 Angle Front View/mercedes-benz-a-class-w177-standard amg line-hatchback-2018–2022-major new generation-amg green hell magno-a-class w177 std amg-45-angle-front-view.webp,bb3f7a0706a118712f3d63df50a4369c6931a3e1cb9a27a90929eb337d529639,No
2026-10-07 07:16:19,move,AMG GT,AMG GT\mercedes-benz-amg gt-r232-gt 55-coupé-2023–-new generation-spectral blue metallic-amg gt r232 gt 55-45-angle-front-view.webp,AMG GT/45 Angle Front View/mercedes-benz-amg gt-r232-gt 55-coupé-2023–-new generation-spectral blue metallic-amg gt r232 gt 55-45-angle-front-view.webp,d9953535a77f9af489c1d583a574c53ca54befb3055a0eecfcf4c923ebb9add1,No
2026-10-07 07:16:19,move,AMG GT,AMG GT\mercedes-benz-amg gt-r232-gt 63 pro-performance coupé-2024–-distinct aerodynamic package-polar white-amg gt r232 gt 63 pro-45-angle-front-view.webp,AMG GT/45 Angle Front View/mercedes-benz-amg gt-r232-gt 63 pro-performance coupé-2024–-distinct aerodynamic package-polar white-amg gt r232 gt 63 pro-45-angle-front-view.webp,9004c4fee53000353fd38b560d6efc409ab61165b3dff99a193d31da76add351,No
2026-10-07 07:16:19,move,B-Class,B-Class\mercedes-benz-b-class-w246-facelift-mpv-2015–2019-revised front rear-hyacinth red metallic-b-class w246 fl-45-angle-front-view.webp,B-Class/45 Angle Front View/mercedes-benz-b-class-w246-facelift-mpv-2015–2019-revised front rear-hyacinth red metallic-b-class w246 fl-45-angle-front-view.webp,5e392036647356b1f30cf899fb1831ad068425da15f8a1807b9268a3ea9812d9,No
2026-10-07 07:16:19,move,B-Class,B-Class\mercedes-benz-b-class-w246-standard-mpv-2012–2015-major redesign-brilliant silver metallic-b-class w246-45-angle-front-view.webp,B-Class/45 Angle Front View/mercedes-benz-b-class-w246-standard-mpv-2012–2015-major redesign-brilliant silver metallic-b-class w246-45-angle-front-view.webp,fe01b32aa35d219d7b3a8015f75af59c4a3ac1a63b434eaafb95da65d6ecbaa7,No
2026-10-07 07:16:19,move,B-Class,B-Class\mercedes-benz-b-class-w247 lci-standard amg line-mpv-2022–-facelift-designo hyacinth red metallic-b-class w247 lci std amg-45-angle-front-view.webp,B-Class/45 Angle Front View/mercedes-benz-b-class-w247 lci-standard amg line-mpv-2022–-facelift-designo hyacinth red metallic-b-class w247 lci std amg-45-angle-front-view.webp,00a6eaad891dc51bc3ed6ab3c4f3ef785354e913a199a8b31807e1b125394d2c,No
2026-10-07 07:16:19,move,B-Class,B-Class\mercedes-benz-b-class-w247-standard amg line-mpv-2019–2022-new generation-brilliant blue metallic-b-class w247 std amg-45-angle-front-view.webp,B-Class/45 Angle Front View/mercedes-benz-b-class-w247-standard amg line-mpv-2019–2022-new generation-brilliant blue metallic-b-class w247 std amg-45-angle-front-view.webp,95233ebf73dbcb61f30a25623e02d7b136540fc51ef370a1acb831b6efb4771d,No
2026-10-07 07:16:19,move,C-Class,C-Class\mercedes-benz-c-class-w204 lci-c63 amg-performance saloon-2011–2014-facelifted amg-designo diamond white bright-c-class w204 lci c63 amg-45-angle-front-view.webp,C-Class/45 Angle Front View/mercedes-benz-c-class-w204 lci-c63 amg-performance saloon-2011–2014-facelifted amg-designo diamond white bright-c-class w204 lci c63 amg-45-angle-front-view.webp,05f2f35501d18852b8fb5c101b5bf9f0c511809366f0f3618a6ba9fb5fd73369,No
2026-10-07 07:16:19,move,C-Class,C-Class\mercedes-benz-c-class-w204-c63 amg black series-performance coupé-2011-unique widebody aero-amg green hell magno-c-class w204 c63 amg black-45-angle-front-view.webp,C-Class/45 Angle Front View/mercedes-benz-c-class-w204-c63 amg black series-performance coupé-2011-unique widebody aero-amg green hell magno-c-class w204 c63 amg black-45-angle-front-view.webp,a28e133285e53039eeaf2b7f3e6d4c2667df6cda8c05bac84b535e1b6172b418,No
2026-10-07 07:16:19,move,C-Class,C-Class\mercedes-benz-c-class-w204-c63 amg-performance saloon-2008–2011-amg body-selenite grey metallic-c-class w204 c63 amg-45-angle-front-view.webp,C-Class/45 Angle Front View/mercedes-benz-c-class-w204-c63 amg-performance saloon-2008–2011-amg body-selenite grey metallic-c-class w204 c63 amg-45-angle-front-view.webp,80614de1bd68271dc0620acb48c2e45227724bb6e30bfb4d4e01ff846bcc6246,No
2026-10-07 07:16:19,move,C-Class,C-Class\mercedes-benz-c-class-w204-facelift-saloon-2011–2014-major exterior revision-cavansite blue metallic-c-class w204 fl-45-angle-front-view.webp,C-Class/45 Angle Front View/mercedes-benz-c-class-w204-facelift-saloon-2011–2014-major exterior revision-cavansite blue metallic-c-class w204 fl-45-angle-front-view.webp,1419a7af7caccb243fe82fa8f0aa8f4438d4467c520a425abb999fa131de0b94,No
2026-10-07 07:16:19,move,C-Class,C-Class\mercedes-benz-c-class-w204-standard-saloon-2007–2011-new generation-hyacinth red metallic-c-class w204-45-angle-front-view.webp,C-Class/45 Angle Front View/mercedes-benz-c-class-w204-standard-saloon-2007–2011-new generation-hyacinth red metallic-c-class w204-45-angle-front-view.webp,21369dff9e0ed759f17e891925d9ddb53fb69b2802f87115f30b4463a12802de,No
2026-10-07 07:16:19,move,C-Class,C-Class\mercedes-benz-c-class-w205 lci-c63 amg s-performance saloon-2018–2021-facelifted flagship amg-rubellite red metallic-c-class w205 lci c63 amg s-45-angle-front-view.webp,C-Class/45 Angle Front View/mercedes-benz-c-class-w205 lci-c63 amg s-performance saloon-2018–2021-facelifted flagship amg-rubellite red metallic-c-class w205 lci c63 amg s-45-angle-front-view.webp,997e45ad3ea0b34ab8a92645d1c83a031394ef41425d8d4e975f1be380f78b53,No
2026-10-07 07:16:19,move,C-Class,C-Class\mercedes-benz-c-class-w205-c63 amg-performance saloon-2015–2018-wide amg treatment-designo mocha black metallic-c-class w205 c63 amg-45-angle-front-view.webp,C-Class/45 Angle Front View/mercedes-benz-c-class-w205-c63 amg-performance saloon-2015–2018-wide amg treatment-designo mocha black metallic-c-class w205 c63 amg-45-angle-front-view.webp,7a9fa3f5c684ea8dd697691831b5cde37cd7bd57fcc03575d136138cba627ce6,No
2026-10-07 07:16:19,move,C-Class,C-Class\mercedes-benz-c-class-w205-facelift-saloon-2018–2021-major facelift-magnetite black metallic-c-class w205 fl-45-angle-front-view.webp,C-Class/45 Angle Front View/mercedes-benz-c-class-w205-facelift-saloon-2018–2021-major facelift-magnetite black metallic-c-class w205 fl-45-angle-front-view.webp,79bfbd4433f748ae8f44607384b0d3aad39882c4e65ef2bb81b777115e25d992,No
2026-10-07 07:16:19,move,C-Class,C-Class\mercedes-benz-c-class-w205-standard amg line-saloon-2014–2018-new generation-jupiter red-c-class w205 std amg-45-angle-front-view.webp,C-Class/45 Angle Front View/mercedes-benz-c-class-w205-standard amg line-saloon-2014–2018-new generation-jupiter red-c-class w205 std amg-45-angle-front-view.webp,42f193843ab24caeabc20b1e7ed733212cf8a6ea9b232f6fc6429078fe1ff683,No
2026-10-07 07:16:19,move,C-Class,C-Class\mercedes-benz-c-class-w206-c63 s e performance-performance phev saloon-2023–-unique amg body-selenite grey metallic-c-class w206 c63 s e perf-45-angle-front-view.webp,C-Class/45 Angle Front View/mercedes-benz-c-class-w206-c63 s e performance-performance phev saloon-2023–-unique amg body-selenite grey metallic-c-class w206 c63 s e perf-45-angle-front-view.webp,05bdbb23faa6878d66aff3fabbc67141800a77d158d527af98937bac74325d5b,No
2026-10-07 07:16:19,move,C-Class,C-Class\mercedes-benz-c-class-w206-standard amg line-saloon-2021–-new generation-iridium silver metallic-c-class w206 std amg-45-angle-front-view.webp,C-Class/45 Angle Front View/mercedes-benz-c-class-w206-standard amg line-saloon-2021–-new generation-iridium silver metallic-c-class w206 std amg-45-angle-front-view.webp,4e0b7a7a08d1e78a3db50820d59bd03620fb52e55df9199cf39ef8fc630c7c57,No
2026-10-07 07:16:19,move,Citan,Citan\mercedes-benz-citan-w415-panel van-van-2012–2021-first generation-arctic white-citan w415 panel-45-angle-front-view.webp,Citan/45 Angle Front View/mercedes-benz-citan-w415-panel van-van-2012–2021-first generation-arctic white-citan w415 panel-45-angle-front-view.webp,5c8df1dec3ff71048aeedd1f54764073e1b2e87799595fd6ddf506e91c0fc95b,No
2026-10-07 07:16:19,move,Citan,Citan\mercedes-benz-citan-w415-tourer-mpv-2012–2021-passenger body-pebble grey-citan w415 tourer-45-angle-front-view.webp,Citan/45 Angle Front View/mercedes-benz-citan-w415-tourer-mpv-2012–2021-passenger body-pebble grey-citan w415 tourer-45-angle-front-view.webp,2df21d55e42c83474582daef3960b1670243842d53f66d744fc6e4d8c64246fa,No
2026-10-07 07:16:19,move,Citan,Citan\mercedes-benz-citan-w420-ecitan-electric van-2022–-same physical van body-granite green-citan w420 ecitan-45-angle-front-view.webp,Citan/45 Angle Front View/mercedes-benz-citan-w420-ecitan-electric van-2022–-same physical van body-granite green-citan w420 ecitan-45-angle-front-view.webp,4c41794ab52ef26e71038c5d189ea69bde57c19b6874ccb9d84a2ccb606048f9,No
2026-10-07 07:16:19,move,Citan,Citan\mercedes-benz-citan-w420-panel van-van-2021–-new generation-jupiter red-citan w420 panel-45-angle-front-view.webp,Citan/45 Angle Front View/mercedes-benz-citan-w420-panel van-van-2021–-new generation-jupiter red-citan w420 panel-45-angle-front-view.webp,cc344f72e426c105986a225b92e6d61fcb0cc00a5d0549359338f61c538e812e,No
2026-10-07 07:16:19,move,Citan,Citan\mercedes-benz-citan-w420-tourer-mpv-2021–-passenger body-steel blue-citan w420 tourer-45-angle-front-view.webp,Citan/45 Angle Front View/mercedes-benz-citan-w420-tourer-mpv-2021–-passenger body-steel blue-citan w420 tourer-45-angle-front-view.webp,70bf57a7fa83f4a56c0077251b25c75e3693b638115c6dbf00a1a48da2ad771b,No
2026-10-07 07:16:19,move,CL,CL\mercedes-benz-s-class-c215-cl coupé-coupé-1999–2006-c215-almandine black metallic-mercedes-benz s-class c215-45-angle-front-view.webp,CL/45 Angle Front View/mercedes-benz-s-class-c215-cl coupé-coupé-1999–2006-c215-almandine black metallic-mercedes-benz s-class c215-45-angle-front-view.webp,33285448c205ffd61bee6e46aff0b5e915bff638ab55ef19eaff7919584d3e0d,No
2026-10-07 07:16:19,move,CL,CL\mercedes-benz-s-class-c216-cl coupé-coupé-2006–2010-c216-cavansite blue metallic-mercedes-benz s-class c216-45-angle-front-view.webp,CL/45 Angle Front View/mercedes-benz-s-class-c216-cl coupé-coupé-2006–2010-c216-cavansite blue metallic-mercedes-benz s-class c216-45-angle-front-view.webp,f75d4199d74cd79c0c57968f98c8b56be0f45a80318595c509ab8f20623b8425,No
2026-10-07 07:16:19,move,CLA,CLA\mercedes-benz-cla-c117 lci-cla45 amg-performance coupé-2016–2019-facelifted amg-brilliant blue metallic-cla c117 lci cla45 amg-45-angle-front-view.webp,CLA/45 Angle Front View/mercedes-benz-cla-c117 lci-cla45 amg-performance coupé-2016–2019-facelifted amg-brilliant blue metallic-cla c117 lci cla45 amg-45-angle-front-view.webp,14a7149b0c4eefd2e7d735bd18693443efeeeda7ecc7ccbedd236dfa12bab5ad,No
2026-10-07 07:16:19,move,CLA,CLA\mercedes-benz-cla-c117-cla45 amg-performance coupé-2013–2016-amg body-iridium silver metallic-cla c117 cla45 amg-45-angle-front-view.webp,CLA/45 Angle Front View/mercedes-benz-cla-c117-cla45 amg-performance coupé-2013–2016-amg body-iridium silver metallic-cla c117 cla45 amg-45-angle-front-view.webp,b82a37b6fa6feaddc353b494f2fed9d33ec8067f1a526b2367c45ce242523206,No
2026-10-07 07:16:19,move,CLA,CLA\mercedes-benz-cla-c117-coupé-4-door coupé-2013–2016-first generation-brilliant silver metallic-cla c117-45-angle-front-view.webp,CLA/45 Angle Front View/mercedes-benz-cla-c117-coupé-4-door coupé-2013–2016-first generation-brilliant silver metallic-cla c117-45-angle-front-view.webp,6d97e7f6f464f0a3d3f6b65c26cc36cb3235195a56a6267ad897f2fe1ac58b8a,No
2026-10-07 07:16:19,move,CLA,CLA\mercedes-benz-cla-c117-facelift coupé-4-door coupé-2016–2019-facelift-cavansite blue metallic-cla c117 fl coupe-45-angle-front-view.webp,CLA/45 Angle Front View/mercedes-benz-cla-c117-facelift coupé-4-door coupé-2016–2019-facelift-cavansite blue metallic-cla c117 fl coupe-45-angle-front-view.webp,c445a9d9a15fb4a25e5e8f9cbb866ee3c5d523503490a458e26884db9ec0710a,No
2026-10-07 07:16:19,move,CLA,CLA\mercedes-benz-cla-c118-cla35 amg-performance coupé-2019–2023-amg exterior-amg green hell magno-cla c118 cla35 amg-45-angle-front-view.webp,CLA/45 Angle Front View/mercedes-benz-cla-c118-cla35 amg-performance coupé-2019–2023-amg exterior-amg green hell magno-cla c118 cla35 amg-45-angle-front-view.webp,32bc5963550f412b12aee184068f5c3611a0eca708e1beffb55f467c0a01b1e9,No
2026-10-07 07:16:19,move,CLA,CLA\mercedes-benz-cla-c118-cla45 s amg-performance coupé-2019–2023-wide aggressive amg body-designo diamond white bright-cla c118 cla45 s amg-45-angle-front-view.webp,CLA/45 Angle Front View/mercedes-benz-cla-c118-cla45 s amg-performance coupé-2019–2023-wide aggressive amg body-designo diamond white bright-cla c118 cla45 s amg-45-angle-front-view.webp,2bd9c08836a3b4b51321edb5c3154beb679319b807cd1fa476085e509901e323,No
2026-10-07 07:16:19,move,CLA,CLA\mercedes-benz-cla-c118-coupé-4-door coupé-2019–2023-new generation-polar white-cla c118-45-angle-front-view.webp,CLA/45 Angle Front View/mercedes-benz-cla-c118-coupé-4-door coupé-2019–2023-new generation-polar white-cla c118-45-angle-front-view.webp,20a8f6b86cbfa5bf89da06f59ba667112895014732d2ecf2c0237904fce7b6ea,No
2026-10-07 07:16:19,move,CLA,CLA\mercedes-benz-cla-x118-cla35 amg shooting brake-performance estate-2019–2023-amg body-selenite grey metallic-cla x118 cla35 amg shooting br-45-angle-front-view.webp,CLA/45 Angle Front View/mercedes-benz-cla-x118-cla35 amg shooting brake-performance estate-2019–2023-amg body-selenite grey metallic-cla x118 cla35 amg shooting br-45-angle-front-view.webp,8aa39539a3ea5cc28f19484d6c52c4a82d2a32126a23332d4641c80a2e236269,No
2026-10-07 07:16:19,move,CLK,CLK\mercedes-benz-clk-a208-clk55 amg cabriolet-performance convertible-2001–2002-special-selenite grey metallic-clk a208 clk55 amg cab-45-angle-front-view.webp,CLK/45 Angle Front View/mercedes-benz-clk-a208-clk55 amg cabriolet-performance convertible-2001–2002-special-selenite grey metallic-clk a208 clk55 amg cab-45-angle-front-view.webp,0e3f2306ec6ab2b65df3f6dfe57c16c5b9bb8fe48ad897e050e627cd8af6b809,No
2026-10-07 07:16:19,move,CLK,CLK\mercedes-benz-clk-a209-cabriolet-convertible-2003–2005-separate body-black-clk a209 cab-45-angle-front-view.webp,CLK/45 Angle Front View/mercedes-benz-clk-a209-cabriolet-convertible-2003–2005-separate body-black-clk a209 cab-45-angle-front-view.webp,fc79b706d8bd832b635f57b3409c58f9f8f591af19eea69f7b25ba8e4d91611e,No
2026-10-07 07:16:19,move,CLK,CLK\mercedes-benz-clk-a209-facelift cabriolet-convertible-2005–2009-facelift-cavansite blue metallic-clk a209 fl cab-45-angle-front-view.webp,CLK/45 Angle Front View/mercedes-benz-clk-a209-facelift cabriolet-convertible-2005–2009-facelift-cavansite blue metallic-clk a209 fl cab-45-angle-front-view.webp,023127fea9261078e2a3d2026f23dbb1b5cdc050d8d165cf9862b27be72ae5c7,No
2026-10-07 07:16:19,move,CLK,CLK\mercedes-benz-clk-c208-clk55 amg-performance coupé-2000–2002-amg exterior-designo hyacinth red metallic-clk c208 clk55 amg-45-angle-front-view.webp,CLK/45 Angle Front View/mercedes-benz-clk-c208-clk55 amg-performance coupé-2000–2002-amg exterior-designo hyacinth red metallic-clk c208 clk55 amg-45-angle-front-view.webp,26a15ffa064289fb2a5d29d6f17dfd2e294c7c49a0ba85491390c3df9ddeffca,No
2026-10-07 07:16:19,move,CLK,CLK\mercedes-benz-clk-c208-coupé-coupé-1997–2002-first clk generation-moonlight silver metallic-clk c208-45-angle-front-view.webp,CLK/45 Angle Front View/mercedes-benz-clk-c208-coupé-coupé-1997–2002-first clk generation-moonlight silver metallic-clk c208-45-angle-front-view.webp,ac4aa69b72083b00d18f8e5a0580fa5c66a12030bb2c4fc79bca4d687942f54c,No
2026-10-07 07:16:19,move,CLK,CLK\mercedes-benz-clk-c209-coupé-coupé-2002–2005-new generation-glut red-clk c209-45-angle-front-view.webp,CLK/45 Angle Front View/mercedes-benz-clk-c209-coupé-coupé-2002–2005-new generation-glut red-clk c209-45-angle-front-view.webp,5bc34fd56d50ae4b017e739c685e942eaffb0f064d2be447690eec6777d6b0c5,No
2026-10-07 07:16:19,move,CLK,CLK\mercedes-benz-clk-c209-facelift coupé-coupé-2005–2009-major facelift-brilliant silver metallic-clk c209 fl coupe-45-angle-front-view.webp,CLK/45 Angle Front View/mercedes-benz-clk-c209-facelift coupé-coupé-2005–2009-major facelift-brilliant silver metallic-clk c209 fl coupe-45-angle-front-view.webp,0b8a569f355ccea60dc12904a9934f53027b38ddfb75201a98f5f4d71badded0,No
2026-10-07 07:16:19,move,CLS,CLS\mercedes-benz-cls-c218-cls63 amg s-performance coupé-2014–2017-facelifted amg-amg green hell magno-cls c218 cls63 amg s-45-angle-front-view.webp,CLS/45 Angle Front View/mercedes-benz-cls-c218-cls63 amg s-performance coupé-2014–2017-facelifted amg-amg green hell magno-cls c218 cls63 amg s-45-angle-front-view.webp,0e2136d0a82ada171347d61e20da76c64c63a6e059b5f780000ddd03de8da13e,No
2026-10-07 07:16:19,move,CLS,CLS\mercedes-benz-cls-c218-coupé-4-door coupé-2011–2014-new generation-designo diamond white bright-cls c218-45-angle-front-view.webp,CLS/45 Angle Front View/mercedes-benz-cls-c218-coupé-4-door coupé-2011–2014-new generation-designo diamond white bright-cls c218-45-angle-front-view.webp,b56c80cdcfb964541e13f2f74c2406988f86d6968c9f5269ec3e5302f52ece56,No
2026-10-07 07:16:19,move,CLS,CLS\mercedes-benz-cls-c218-facelift coupé-4-door coupé-2014–2017-major facelift-cavansite blue metallic-cls c218 fl coupe-45-angle-front-view.webp,CLS/45 Angle Front View/mercedes-benz-cls-c218-facelift coupé-4-door coupé-2014–2017-major facelift-cavansite blue metallic-cls c218 fl coupe-45-angle-front-view.webp,a9a5fab441f30f4f9e156adb34f0b686d17c3745aa671a9262cfffb83a2698f1,No
2026-10-07 07:16:19,move,CLS,CLS\mercedes-benz-cls-c219-cls63 amg-performance coupé-2006–2010-amg exterior-selenite grey metallic-cls c219 cls63 amg-45-angle-front-view.webp,CLS/45 Angle Front View/mercedes-benz-cls-c219-cls63 amg-performance coupé-2006–2010-amg exterior-selenite grey metallic-cls c219 cls63 amg-45-angle-front-view.webp,8f471ba6bae79cf79bc67ad90cbef2effbc22b20a3d8aa92e397f36192830fd8,No
2026-10-07 07:16:19,move,CLS,CLS\mercedes-benz-cls-c219-facelift-4-door coupé-2008–2010-facelift-obsidian black metallic-cls c219 fl-45-angle-front-view.webp,CLS/45 Angle Front View/mercedes-benz-cls-c219-facelift-4-door coupé-2008–2010-facelift-obsidian black metallic-cls c219 fl-45-angle-front-view.webp,8d222c198a1f1e3c2177f94ed4ea5a82fe255fd101fff18dd52d3360580eff97,No
2026-10-07 07:16:19,move,CLS,CLS\mercedes-benz-cls-c219-standard-4-door coupé-2004–2008-original cls design-moonlight silver metallic-cls c219-45-angle-front-view.webp,CLS/45 Angle Front View/mercedes-benz-cls-c219-standard-4-door coupé-2004–2008-original cls design-moonlight silver metallic-cls c219-45-angle-front-view.webp,9a8701a96c1bd64032b5d95a3d079e0296592f97859d9f413aef91366e0009d0,No
2026-10-07 07:16:19,move,CLS,CLS\mercedes-benz-cls-c257-cls53 amg edition 55-special performance coupé-2022-edition-specific exterior graphics-polar white-cls c257 cls53 amg edition 55-45-angle-front-view.webp,CLS/45 Angle Front View/mercedes-benz-cls-c257-cls53 amg edition 55-special performance coupé-2022-edition-specific exterior graphics-polar white-cls c257 cls53 amg edition 55-45-angle-front-view.webp,eb2ed1b8d26fed867adb3662e1e2967d284a22588c79496496a6fcb22be3393c,No
2026-10-07 07:16:19,move,CLS,CLS\mercedes-benz-cls-c257-cls53 amg-performance coupé-2018–2021-amg exterior-designo mocha black metallic-cls c257 cls53 amg-45-angle-front-view.webp,CLS/45 Angle Front View/mercedes-benz-cls-c257-cls53 amg-performance coupé-2018–2021-amg exterior-designo mocha black metallic-cls c257 cls53 amg-45-angle-front-view.webp,8a93f5cdc37529582a261b01b6d4c559b680ec85ae2a4d0ae35401a72c7cc90a,No
2026-10-07 07:16:19,move,CLS,CLS\mercedes-benz-cls-c257-facelift-4-door coupé-2021–2023-exterior facelift-diamond silver metallic-cls c257 fl-45-angle-front-view.webp,CLS/45 Angle Front View/mercedes-benz-cls-c257-facelift-4-door coupé-2021–2023-exterior facelift-diamond silver metallic-cls c257 fl-45-angle-front-view.webp,c9eb71065aa7fa8bac62d48d96ea1048dfe3ce5cdc054326fef23ba2798b5a30,No
2026-10-07 07:16:19,move,CLS,CLS\mercedes-benz-cls-c257-standard-4-door coupé-2018–2021-new generation-emerald green metallic-cls c257-45-angle-front-view.webp,CLS/45 Angle Front View/mercedes-benz-cls-c257-standard-4-door coupé-2018–2021-new generation-emerald green metallic-cls c257-45-angle-front-view.webp,eb5b2f5e96fe8b91cca211207b482fbddf1e94e9d4298c0b2156db4209ccf239,No
2026-10-07 07:16:19,move,E-Class,E-Class\mercedes-benz-e-class-s214-e53 hybrid amg-performance estate-2024–-special-brilliant blue metallic-mercedes-benz e-class s214-45-angle-front-view.webp,E-Class/45 Angle Front View/mercedes-benz-e-class-s214-e53 hybrid amg-performance estate-2024–-special-brilliant blue metallic-mercedes-benz e-class s214-45-angle-front-view.webp,728a70d2fb1401570863608e529edc46d9f1fb2a736bd477fb5766dc63dc66f0,No
2026-10-07 07:16:19,move,E-Class,E-Class\mercedes-benz-e-class-w211 fl-e63 amg-performance saloon-2006–2009-amg facelift-spectral blue metallic-mercedes-benz e-class w211 fl-45-angle-front-view.webp,E-Class/45 Angle Front View/mercedes-benz-e-class-w211 fl-e63 amg-performance saloon-2006–2009-amg facelift-spectral blue metallic-mercedes-benz e-class w211 fl-45-angle-front-view.webp,174950248fab8b3a3e04e33976e8ce25f659b4665a25b75ef29a43da03158aa1,No
2026-10-07 07:16:19,move,E-Class,E-Class\mercedes-benz-e-class-w211-facelift-saloon-2006–2009-new-cavansite blue metallic-mercedes-benz e-class w211-45-angle-front-view.webp,E-Class/45 Angle Front View/mercedes-benz-e-class-w211-facelift-saloon-2006–2009-new-cavansite blue metallic-mercedes-benz e-class w211-45-angle-front-view.webp,2d0ad45c5b6246a511829040fe6e554cc0c24d2e7a114f427193fd2a75b7e8ce,No
2026-10-07 07:16:19,move,E-Class,E-Class\mercedes-benz-e-class-w211-pre-lci-saloon-2002–2006-new generation-alabaster white-mercedes-benz e-class w211-45-angle-front-view.webp,E-Class/45 Angle Front View/mercedes-benz-e-class-w211-pre-lci-saloon-2002–2006-new generation-alabaster white-mercedes-benz e-class w211-45-angle-front-view.webp,a4522b6c2b5f086294028dfe6af4c164fc49107b1c11c5b553b960d9bb4ab509,No
2026-10-07 07:16:19,move,E-Class,E-Class\mercedes-benz-e-class-w211-pre-lci-saloon-2002–2006-new-alabaster white-mercedes-benz e-class w211 -45-angle-front-view.webp,E-Class/45 Angle Front View/mercedes-benz-e-class-w211-pre-lci-saloon-2002–2006-new-alabaster white-mercedes-benz e-class w211 -45-angle-front-view.webp,fba2cedac557516ad012e45f9f3507dfe97b5139bd42dced94fb64c3cc732cf3,No
2026-10-07 07:16:19,move,E-Class,E-Class\mercedes-benz-e-class-w211-pre-lci-saloon-2002–2006-new-alabaster white-mercedes-benz e-class w211-45-angle-front-view.webp,E-Class/45 Angle Front View/mercedes-benz-e-class-w211-pre-lci-saloon-2002–2006-new-alabaster white-mercedes-benz e-class w211-45-angle-front-view.webp,417127976a74d65c840c64e274f49e41b818079a4bdc380674569a821b33e1bd,No
2026-10-07 07:16:19,move,E-Class,E-Class\mercedes-benz-e-class-w212 fl-e63 amg-performance saloon-2013–2016-facelifted amg-amg green hell magno-mercedes-benz e-class w212 fl-45-angle-front-view.webp,E-Class/45 Angle Front View/mercedes-benz-e-class-w212 fl-e63 amg-performance saloon-2013–2016-facelifted amg-amg green hell magno-mercedes-benz e-class w212 fl-45-angle-front-view.webp,d49a2bf7de7866017ce6dc201d8645bb473886d4df16c759e4749910783c40a9,No
2026-10-07 07:16:19,move,E-Class,E-Class\mercedes-benz-e-class-w212-e63 amg-performance saloon-2009–2013-special-jupiter red-mercedes-benz e-class w212-45-angle-front-view.webp,E-Class/45 Angle Front View/mercedes-benz-e-class-w212-e63 amg-performance saloon-2009–2013-special-jupiter red-mercedes-benz e-class w212-45-angle-front-view.webp,262f60ffd8737001b572a1f2a64df0d50c2493a7039be78fd85eec48e8db00e7,No
2026-10-07 07:16:19,move,E-Class,E-Class\mercedes-benz-e-class-w212-facelift-saloon-2013–2016-new-citrine brown metallic-mercedes-benz e-class w212-45-angle-front-view.webp,E-Class/45 Angle Front View/mercedes-benz-e-class-w212-facelift-saloon-2013–2016-new-citrine brown metallic-mercedes-benz e-class w212-45-angle-front-view.webp,0e7a817fb36fc884987a8c7b3b87aa4062a4fa846001e44a148e43529747a49b,No
2026-10-07 07:16:19,move,E-Class,E-Class\mercedes-benz-e-class-w212-pre-lci-saloon-2009–2013-new generation-emerald green metallic-mercedes-benz e-class w212-45-angle-front-view.webp,E-Class/45 Angle Front View/mercedes-benz-e-class-w212-pre-lci-saloon-2009–2013-new generation-emerald green metallic-mercedes-benz e-class w212-45-angle-front-view.webp,b843055d5d0791c55071ae91e9c8d925932234da2189d1572079dbcd7d176a91,No
2026-10-07 07:16:19,move,E-Class,E-Class\mercedes-benz-e-class-w213 fl-e53 amg-performance saloon-2020–2023-facelifted amg-cavansite blue metallic-mercedes-benz e-class w213 fl-45-angle-front-view.webp,E-Class/45 Angle Front View/mercedes-benz-e-class-w213 fl-e53 amg-performance saloon-2020–2023-facelifted amg-cavansite blue metallic-mercedes-benz e-class w213 fl-45-angle-front-view.webp,c36f8d3ee9bcba5eeea7d5825483ef0d05e703c9f8f1ed332f917bdc6a1150b7,No
2026-10-07 07:16:19,move,E-Class,E-Class\mercedes-benz-e-class-w213 fl-e63 s amg-performance saloon-2020–2023-special-designo hyacinth red metallic-mercedes-benz e-class w213 fl-45-angle-front-view.webp,E-Class/45 Angle Front View/mercedes-benz-e-class-w213 fl-e63 s amg-performance saloon-2020–2023-special-designo hyacinth red metallic-mercedes-benz e-class w213 fl-45-angle-front-view.webp,c3edb8c6ea3f58390a66da25176a7e93d52f351dc61804285f01da39ac158cca,No
2026-10-07 07:16:19,move,E-Class,E-Class\mercedes-benz-e-class-w213-e53 amg-performance saloon-2018–2020-special-amg solarbeam yellow-mercedes-benz e-class w213-45-angle-front-view.webp,E-Class/45 Angle Front View/mercedes-benz-e-class-w213-e53 amg-performance saloon-2018–2020-special-amg solarbeam yellow-mercedes-benz e-class w213-45-angle-front-view.webp,6e7b5856dc74cd88de5b7b04eaa7f843d1023218bb513517a63e602a9f71e7ed,No
2026-10-07 07:16:19,move,E-Class,E-Class\mercedes-benz-e-class-w213-e63 s amg-performance saloon-2017–2020-special-high-tech silver metallic-mercedes-benz e-class w213-45-angle-front-view.webp,E-Class/45 Angle Front View/mercedes-benz-e-class-w213-e63 s amg-performance saloon-2017–2020-special-high-tech silver metallic-mercedes-benz e-class w213-45-angle-front-view.webp,ccb7bf0f5d4b64631ae97062b2a6593e869977685068f5b4b5fd058b38a41941,No
2026-10-07 07:16:19,move,E-Class,E-Class\mercedes-benz-e-class-w213-facelift-saloon-2020–2023-new-tenorite grey metallic-mercedes-benz e-class w213-45-angle-front-view.webp,E-Class/45 Angle Front View/mercedes-benz-e-class-w213-facelift-saloon-2020–2023-new-tenorite grey metallic-mercedes-benz e-class w213-45-angle-front-view.webp,b5b696bacfb6b9398597e2570bf545ecacb374eb8cacfbecdfdcb6fdbb210e3d,No
2026-10-07 07:16:19,move,E-Class,E-Class\mercedes-benz-e-class-w213-saloon-saloon-2016–2020-new generation-dolomite brown metallic-mercedes-benz e-class w213-45-angle-front-view.webp,E-Class/45 Angle Front View/mercedes-benz-e-class-w213-saloon-saloon-2016–2020-new generation-dolomite brown metallic-mercedes-benz e-class w213-45-angle-front-view.webp,d2b2a14cf403e81a47b899a2d6e9cdcb4e4205238501440f82e38273d030940c,No
2026-10-07 07:16:19,move,E-Class,E-Class\mercedes-benz-e-class-w214-e53 hybrid amg-performance saloon-2024–-special-iridium silver metallic-mercedes-benz e-class w214-45-angle-front-view.webp,E-Class/45 Angle Front View/mercedes-benz-e-class-w214-e53 hybrid amg-performance saloon-2024–-special-iridium silver metallic-mercedes-benz e-class w214-45-angle-front-view.webp,8018895c281ce1eccc04476c5a547f86daba0f6e464fd5b1dd8f0f7b33af4aa3,No
2026-10-07 07:16:19,move,E-Class,E-Class\mercedes-benz-e-class-w214-e53 hybrid edition 1-performance saloon-2024-special-granite green-mercedes-benz e-class w214-45-angle-front-view.webp,E-Class/45 Angle Front View/mercedes-benz-e-class-w214-e53 hybrid edition 1-performance saloon-2024-special-granite green-mercedes-benz e-class w214-45-angle-front-view.webp,90082d098c5b77ddde9d4fae537ab20cf5e8999acbbac9659bd80b4b27133bec,No
2026-10-07 07:16:19,move,E-Class,E-Class\mercedes-benz-e-class-w214-saloon-saloon-2023–2025-new generation-ruby black metallic-mercedes-benz e-class w214-45-angle-front-view.webp,E-Class/45 Angle Front View/mercedes-benz-e-class-w214-saloon-saloon-2023–2025-new generation-ruby black metallic-mercedes-benz e-class w214-45-angle-front-view.webp,0bd0737626dce334e92914c415fd221f45040dfac4ff918f83adb955d0f4c108,No
2026-10-07 07:16:19,move,G-Class,G-Class\mercedes-benz-g-class-w463-g500 4x4²-extreme suv-2015–2017-special-cavansite blue metallic-mercedes-benz g-class w463-45-angle-front-view.webp,G-Class/45 Angle Front View/mercedes-benz-g-class-w463-g500 4x4²-extreme suv-2015–2017-special-cavansite blue metallic-mercedes-benz g-class w463-45-angle-front-view.webp,67633564aba7e1d38d60a9fbef7ba4876e495fe78fa3c68dfc562532e92707cd,No
2026-10-07 07:16:19,move,G-Class,G-Class\mercedes-benz-g-class-w463-g63 amg 6x6-6-wheel suv-2013–2015-special-designo diamond white bright-mercedes-benz g-class w463-45-angle-front-view.webp,G-Class/45 Angle Front View/mercedes-benz-g-class-w463-g63 amg 6x6-6-wheel suv-2013–2015-special-designo diamond white bright-mercedes-benz g-class w463-45-angle-front-view.webp,1df650bf003c8f36e06612a5b9c88c06d9dd05b5d3cc022a4c753d5d987184f3,No
2026-10-07 07:16:19,move,G-Class,G-Class\mercedes-benz-g-class-w463-g63 amg-performance suv-2012–2018-special-spectral blue metallic-mercedes-benz g-class w463-45-angle-front-view.webp,G-Class/45 Angle Front View/mercedes-benz-g-class-w463-g63 amg-performance suv-2012–2018-special-spectral blue metallic-mercedes-benz g-class w463-45-angle-front-view.webp,fdd5ec2cda5fe33b100e42a16e94bb46722d89a96127f7b8003342decbf55fe5,No
2026-10-07 07:16:19,move,G-Class,G-Class\mercedes-benz-g-class-w463a-g-class-suv-2018–2024-major modernization-citrine brown metallic-mercedes-benz g-class w463a -45-angle-front-view.webp,G-Class/45 Angle Front View/mercedes-benz-g-class-w463a-g-class-suv-2018–2024-major modernization-citrine brown metallic-mercedes-benz g-class w463a -45-angle-front-view.webp,dd25b3f0227c2ea3f7dc66d37acf1083104128ec5912a9220f20efa0c61b2e53,No
2026-10-07 07:16:19,move,G-Class,G-Class\mercedes-benz-g-class-w463a-g63 4x4²-extreme suv-2022–2023-special-emerald green metallic-mercedes-benz g-class w463a-45-angle-front-view.webp,G-Class/45 Angle Front View/mercedes-benz-g-class-w463a-g63 4x4²-extreme suv-2022–2023-special-emerald green metallic-mercedes-benz g-class w463a-45-angle-front-view.webp,d81fe6958db62f128406898a8feb5d49a34a9198b2a3de59013bc8558885873a,No
2026-10-07 07:16:19,move,G-Class,G-Class\mercedes-benz-g-class-w463a-g63 amg-performance suv-2018–2024-special-brilliant blue metallic-mercedes-benz g-class w463a -45-angle-front-view.webp,G-Class/45 Angle Front View/mercedes-benz-g-class-w463a-g63 amg-performance suv-2018–2024-special-brilliant blue metallic-mercedes-benz g-class w463a -45-angle-front-view.webp,eb3330c8c86f54133153dc462b228f237ce64f7246492ecd7b40950ac44fc9b5,No
2026-10-07 07:16:19,move,GLA,GLA\mercedes-benz-gla-h247 lci-gla35 amg-performance crossover-2023–-special-spectral blue metallic-mercedes-benz gla h247 lci-45-angle-front-view.webp,GLA/45 Angle Front View/mercedes-benz-gla-h247 lci-gla35 amg-performance crossover-2023–-special-spectral blue metallic-mercedes-benz gla h247 lci-45-angle-front-view.webp,64dbb32e55c45647d48f68eb8643ba630f4a5ebde7f18e3520f7e540a08d5ab5,No
2026-10-07 07:16:19,move,GLA,GLA\mercedes-benz-gla-h247 lci-gla45 s amg-performance crossover-2023–-special-jupiter red-mercedes-benz gla h247 lci-45-angle-front-view.webp,GLA/45 Angle Front View/mercedes-benz-gla-h247 lci-gla45 s amg-performance crossover-2023–-special-jupiter red-mercedes-benz gla h247 lci-45-angle-front-view.webp,8c5397eed04135fc8d83fe5b23b607a85b1ce4f95174ee5c70f50f064a8abb32,No
2026-10-07 07:16:19,move,GLA,GLA\mercedes-benz-gla-h247-gla35 amg-performance crossover-2020–2023-special-obsidian black metallic-mercedes-benz gla h247-45-angle-front-view.webp,GLA/45 Angle Front View/mercedes-benz-gla-h247-gla35 amg-performance crossover-2020–2023-special-obsidian black metallic-mercedes-benz gla h247-45-angle-front-view.webp,963d3dac97cb4d943ff9ab404b539714293582406de4856a3a48e170e37dfa65,No
2026-10-07 07:16:19,move,GLA,GLA\mercedes-benz-gla-h247-gla45 s amg-performance crossover-2020–2023-special-amg green hell magno-mercedes-benz gla h247-45-angle-front-view.webp,GLA/45 Angle Front View/mercedes-benz-gla-h247-gla45 s amg-performance crossover-2020–2023-special-amg green hell magno-mercedes-benz gla h247-45-angle-front-view.webp,3d771ac8aa300890d3bceeae3335f6791180645f7d40b16b17661e1d00c1433f,No
2026-10-07 07:16:19,move,GLA,GLA\mercedes-benz-gla-x156 fl-gla45 amg-performance crossover-2017–2020-facelifted amg-iridium silver metallic-mercedes-benz gla x156 fl-45-angle-front-view.webp,GLA/45 Angle Front View/mercedes-benz-gla-x156 fl-gla45 amg-performance crossover-2017–2020-facelifted amg-iridium silver metallic-mercedes-benz gla x156 fl-45-angle-front-view.webp,65b3f1ec60948b9a18374a176892b41b1bff836494d1cb716f976bdb41321055,No
2026-10-07 07:16:19,move,GLA,GLA\mercedes-benz-gla-x156-facelift-crossover-2017–2020-new-brilliant silver metallic-mercedes-benz gla x156-45-angle-front-view.webp,GLA/45 Angle Front View/mercedes-benz-gla-x156-facelift-crossover-2017–2020-new-brilliant silver metallic-mercedes-benz gla x156-45-angle-front-view.webp,a556e231e5013d775186fb51b5f631ef94337bea82c4aa1e6cdd2be321be6075,No
2026-10-07 07:16:19,move,GLA,GLA\mercedes-benz-gla-x156-standard-crossover-2014–2017-first generation-cavansite blue metallic-mercedes-benz gla x156-45-angle-front-view.webp,GLA/45 Angle Front View/mercedes-benz-gla-x156-standard-crossover-2014–2017-first generation-cavansite blue metallic-mercedes-benz gla x156-45-angle-front-view.webp,b32f618531fd869de8440d3b1be590e2b93eaf0757d55ddaa5b899ed63f8ba4f,No
2026-10-07 07:16:19,move,GLC,GLC\mercedes-benz-glc-x253 fl-glc43 amg-performance suv-2019–2022-facelifted amg-spectral blue metallic-mercedes-benz glc x253 fl-45-angle-front-view.webp,GLC/45 Angle Front View/mercedes-benz-glc-x253 fl-glc43 amg-performance suv-2019–2022-facelifted amg-spectral blue metallic-mercedes-benz glc x253 fl-45-angle-front-view.webp,449f76ca9272812d6824564aad98fda35771508033a0ee05cb1066bb9dc061a7,No
2026-10-07 07:16:19,move,GLC,GLC\mercedes-benz-glc-x253-glc43 amg-performance suv-2016–2019-special-designo hyacinth red metallic-mercedes-benz glc x253-45-angle-front-view.webp,GLC/45 Angle Front View/mercedes-benz-glc-x253-glc43 amg-performance suv-2016–2019-special-designo hyacinth red metallic-mercedes-benz glc x253-45-angle-front-view.webp,4a3a03121709f7f3ad7fd96c26d14e07acacb5a29e86eb03dcf145f0e21f22ab,No
2026-10-07 07:16:19,move,GLC,GLC\mercedes-benz-glc-x253-glc63 amg-performance suv-2017–2019-special-selenite grey metallic-mercedes-benz glc x253-45-angle-front-view.webp,GLC/45 Angle Front View/mercedes-benz-glc-x253-glc63 amg-performance suv-2017–2019-special-selenite grey metallic-mercedes-benz glc x253-45-angle-front-view.webp,b5ac24fd0e9d2207f71c30fb6929abeedd886759b73fb5f6824850f6153e9ec7,No
2026-10-07 07:16:19,move,GLC,GLC\mercedes-benz-glc-x253-standard-suv-2015–2019-first generation-brilliant silver metallic-mercedes-benz glc x253-45-angle-front-view.webp,GLC/45 Angle Front View/mercedes-benz-glc-x253-standard-suv-2015–2019-first generation-brilliant silver metallic-mercedes-benz glc x253-45-angle-front-view.webp,9de69bcc3fccc590b5281aba612980cf83723a28b7f0cd67befbf73b25ad5099,No
2026-10-07 07:16:19,move,GLC,GLC\mercedes-benz-glc-x254-amg glc43-performance suv-2023–-special-polar white-mercedes-benz glc x254-45-angle-front-view.webp,GLC/45 Angle Front View/mercedes-benz-glc-x254-amg glc43-performance suv-2023–-special-polar white-mercedes-benz glc x254-45-angle-front-view.webp,1eb3a9b9211653ded0c12cdc66d0b4a0c1f3846e18369d19ca105355e47f2879,No
2026-10-07 07:16:19,move,GLC,GLC\mercedes-benz-glc-x254-amg glc63 s e performance-performance phev suv-2024–-special-amg solarbeam yellow-mercedes-benz glc x254-45-angle-front-view.webp,GLC/45 Angle Front View/mercedes-benz-glc-x254-amg glc63 s e performance-performance phev suv-2024–-special-amg solarbeam yellow-mercedes-benz glc x254-45-angle-front-view.webp,b1eba0c9232c4dabb756b2a720e52ded14e710574a1f7f543960713fbe4a46e8,No
2026-10-07 07:16:19,move,GLC,GLC\mercedes-benz-glc-x254-standard amg line-suv-2022–-new generation-designo mocha black metallic-mercedes-benz glc x254-45-angle-front-view.webp,GLC/45 Angle Front View/mercedes-benz-glc-x254-standard amg line-suv-2022–-new generation-designo mocha black metallic-mercedes-benz glc x254-45-angle-front-view.webp,ef8838fe493c8d05b89f48e5a3a54b442d1ae784a5a3bf1c735bc2f1508d2b77,No
2026-10-07 07:16:19,move,GLE,GLE\mercedes-benz-gle-c167-gle53 amg coupé-performance coupé suv-2020–2023-special-jupiter red-mercedes-benz gle c167-45-angle-front-view.webp,GLE/45 Angle Front View/mercedes-benz-gle-c167-gle53 amg coupé-performance coupé suv-2020–2023-special-jupiter red-mercedes-benz gle c167-45-angle-front-view.webp,755f4428ecef5074d8353b4034d1526af59dba35527c6b02672a225c2fdfe241,No
2026-10-07 07:16:19,move,GLE,GLE\mercedes-benz-gle-w166-gle-suv-2015–2019-renamed facelifted m-class generation-designo diamond white bright-mercedes-benz gle w166-45-angle-front-view.webp,GLE/45 Angle Front View/mercedes-benz-gle-w166-gle-suv-2015–2019-renamed facelifted m-class generation-designo diamond white bright-mercedes-benz gle w166-45-angle-front-view.webp,f226240ea3512eabe769f42c21d34658b8539562012de4fc8e839bc133deecdc,No
2026-10-07 07:16:19,move,GLE,GLE\mercedes-benz-gle-w166-gle63 amg-performance suv-2015–2019-special-selenite grey metallic-mercedes-benz gle w166-45-angle-front-view.webp,GLE/45 Angle Front View/mercedes-benz-gle-w166-gle63 amg-performance suv-2015–2019-special-selenite grey metallic-mercedes-benz gle w166-45-angle-front-view.webp,a1c480b43e1292b23d7612dbc53c5e85f829bca1e0669126cffb71808ce89265,No
2026-10-07 07:16:19,move,GLE,GLE\mercedes-benz-gle-w167-gle53 amg-performance suv-2019–2023-special-brilliant blue metallic-mercedes-benz gle w167-45-angle-front-view.webp,GLE/45 Angle Front View/mercedes-benz-gle-w167-gle53 amg-performance suv-2019–2023-special-brilliant blue metallic-mercedes-benz gle w167-45-angle-front-view.webp,5fde56fd5d87b961af968791f4c6e9b6d702f32aa89a56b89d21781db6069da2,No
2026-10-07 07:16:19,move,GLS,GLS\mercedes-benz-gls-x166-facelift  gls-suv-2015–2019-new-obsidian black metallic-mercedes-benz gls x166-45-angle-front-view.webp,GLS/45 Angle Front View/mercedes-benz-gls-x166-facelift  gls-suv-2015–2019-new-obsidian black metallic-mercedes-benz gls x166-45-angle-front-view.webp,673873b743d6b630651ddd530f7a90e3ab1ae7a14c3f45d9cd74a4b414b40d90,No
2026-10-07 07:16:19,move,GLS,GLS\mercedes-benz-gls-x166-gl-suv-2012–2015-new-designo diamond white bright-mercedes-benz gls x166-45-angle-front-view.webp,GLS/45 Angle Front View/mercedes-benz-gls-x166-gl-suv-2012–2015-new-designo diamond white bright-mercedes-benz gls x166-45-angle-front-view.webp,89c596d8a61063cef4b7da8881c67e577dcdcd7b08d2cf1a6ade5602612161ac,No
2026-10-07 07:16:19,move,GLS,GLS\mercedes-benz-gls-x166-gls63 amg-performance suv-2015–2019-special-designo hyacinth red metallic-mercedes-benz gls x166 -45-angle-front-view.webp,GLS/45 Angle Front View/mercedes-benz-gls-x166-gls63 amg-performance suv-2015–2019-special-designo hyacinth red metallic-mercedes-benz gls x166 -45-angle-front-view.webp,18f35aee550edd991f25f5d129c37f72d9b4f2213892777e6f3de5d5ea7ccc12,No
2026-10-07 07:16:19,move,GLS,GLS\mercedes-benz-gls-x167 fl-maybach gls600-ultra-luxury suv-2023–-distinct maybach-diamond silver metallic-mercedes-benz gls x167 fl-45-angle-front-view.webp,GLS/45 Angle Front View/mercedes-benz-gls-x167 fl-maybach gls600-ultra-luxury suv-2023–-distinct maybach-diamond silver metallic-mercedes-benz gls x167 fl-45-angle-front-view.webp,36677bd6a6269120bbff6c5e1813b6d70cd8597489cfead6aed541590be849e0,No
2026-10-07 07:16:19,move,GLS,GLS\mercedes-benz-gls-x167-facelift-suv-2023–2026-new-emerald green metallic-mercedes-benz gls x167 -45-angle-front-view.webp,GLS/45 Angle Front View/mercedes-benz-gls-x167-facelift-suv-2023–2026-new-emerald green metallic-mercedes-benz gls x167 -45-angle-front-view.webp,280d27ba0f7740a82d2ecb019fc8089da0aaedacbb55c5513fbecdfe614c177e,No
2026-10-07 07:16:19,move,GLS,GLS\mercedes-benz-gls-x167-gls600 maybach-ultra-luxury suv-2019–2023-special-citrine brown metallic-mercedes-benz gls x167-45-angle-front-view.webp,GLS/45 Angle Front View/mercedes-benz-gls-x167-gls600 maybach-ultra-luxury suv-2019–2023-special-citrine brown metallic-mercedes-benz gls x167-45-angle-front-view.webp,1df641d32924ed170dee7c59dd636801a5a78934b45272a34fae14bceec2aa69,No
2026-10-07 07:16:19,move,GLS,GLS\mercedes-benz-gls-x167-gls63 amg-performance suv-2019–2023-special-selenite grey metallic-mercedes-benz gls x167  -45-angle-front-view.webp,GLS/45 Angle Front View/mercedes-benz-gls-x167-gls63 amg-performance suv-2019–2023-special-selenite grey metallic-mercedes-benz gls x167  -45-angle-front-view.webp,eeacbde713f3c909ab57e026136e7beab439440ffacced4fd10bb1545a0a93df,No
2026-10-07 07:16:19,move,GLS,GLS\mercedes-benz-gls-x167-standard-suv-2019–2023-new generation-iridium silver metallic-mercedes-benz gls x167 (4)-45-angle-front-view.webp,GLS/45 Angle Front View/mercedes-benz-gls-x167-standard-suv-2019–2023-new generation-iridium silver metallic-mercedes-benz gls x167 (4)-45-angle-front-view.webp,28d6ae62c2c0d1b593ddad457a0563f7de3a9afe6e67ab582643c3c126d76364,No
2026-10-07 07:16:19,move,GLS,GLS\mercedes-benz-gls-x167-standard-suv-2019–2023-new generation-iridium silver metallic-mercedes-benz gls x167 (5)-45-angle-front-view.webp,GLS/45 Angle Front View/mercedes-benz-gls-x167-standard-suv-2019–2023-new generation-iridium silver metallic-mercedes-benz gls x167 (5)-45-angle-front-view.webp,fed0d40cdf0a17fccbefe9bfc5e6fe2e08d4f8619a1eb14efeb1a8f9d58cba81,No
2026-10-07 07:16:19,move,M-Class,M-Class\mercedes-benz-m-class-w163-facelift-suv-2001–2005-new-horizon blue metallic-mercedes-benz m-class w163 -45-angle-front-view.webp,M-Class/45 Angle Front View/mercedes-benz-m-class-w163-facelift-suv-2001–2005-new-horizon blue metallic-mercedes-benz m-class w163 -45-angle-front-view.webp,78f0cada4f168d0ece90260956f0f7e2c79912ef71f8dc8a264c44b715654f5e,No
2026-10-07 07:16:19,move,M-Class,M-Class\mercedes-benz-m-class-w163-pre-lci-suv-1997–2001-original m-class-moonlight silver metallic-mercedes-benz m-class w163-45-angle-front-view.webp,M-Class/45 Angle Front View/mercedes-benz-m-class-w163-pre-lci-suv-1997–2001-original m-class-moonlight silver metallic-mercedes-benz m-class w163-45-angle-front-view.webp,4d73ce1324ca1a8c54f76052cc161dfc351dcab140df0318fad9e5fd35d5baf8,No
2026-10-07 07:16:19,move,M-Class,M-Class\mercedes-benz-m-class-w164-facelift-suv-2008–2011-new-cavansite blue metallic-mercedes-benz m-class w164-45-angle-front-view.webp,M-Class/45 Angle Front View/mercedes-benz-m-class-w164-facelift-suv-2008–2011-new-cavansite blue metallic-mercedes-benz m-class w164-45-angle-front-view.webp,630f1e3fb9c34557740484a2290915e8e6a7013254a46c15b2697f6211a2aa2e,No
2026-10-07 07:16:19,move,M-Class,M-Class\mercedes-benz-m-class-w164-ml63 amg-performance suv-2006–2011-special-selenite grey metallic-mercedes-benz m-class w164-45-angle-front-view.webp,M-Class/45 Angle Front View/mercedes-benz-m-class-w164-ml63 amg-performance suv-2006–2011-special-selenite grey metallic-mercedes-benz m-class w164-45-angle-front-view.webp,a910ce167816841f76d19380de8f394f408db9deec8f3490479999d38defb17b,No
2026-10-07 07:16:19,move,M-Class,M-Class\mercedes-benz-m-class-w164-pre-lci-suv-2005–2008-new generation-brilliant silver metallic-mercedes-benz m-class w164-45-angle-front-view.webp,M-Class/45 Angle Front View/mercedes-benz-m-class-w164-pre-lci-suv-2005–2008-new generation-brilliant silver metallic-mercedes-benz m-class w164-45-angle-front-view.webp,079cc3e802d6a0f7982ec27514ab187ea1f816b5680570882fb0e43d368d59cf,No
2026-10-07 07:16:19,move,M-Class,M-Class\mercedes-benz-m-class-w166-ml-class-suv-2011–2015-new generation-hyacinth red metallic-mercedes-benz m-class w166-45-angle-front-view.webp,M-Class/45 Angle Front View/mercedes-benz-m-class-w166-ml-class-suv-2011–2015-new generation-hyacinth red metallic-mercedes-benz m-class w166-45-angle-front-view.webp,cf7b2321272b5b047647379c5e0134a4ed6f1662968c860252f224eea5f8a840,No
2026-10-07 07:16:19,move,M-Class,M-Class\mercedes-benz-m-class-w166-ml63 amg-performance suv-2011–2015-special-obsidian black metallic-mercedes-benz m-class w166-45-angle-front-view.webp,M-Class/45 Angle Front View/mercedes-benz-m-class-w166-ml63 amg-performance suv-2011–2015-special-obsidian black metallic-mercedes-benz m-class w166-45-angle-front-view.webp,765ad8e83caa27719d0551412f1e746baf6fd0b1f179717f13147a46ebf5b7dc,No
2026-10-07 07:16:19,move,S-Class,S-Class\mercedes-benz-s-class-w220-saloon-saloon-1998–2005-w220-garnet red metallic-mercedes-benz s-class w220-45-angle-front-view.webp,S-Class/45 Angle Front View/mercedes-benz-s-class-w220-saloon-saloon-1998–2005-w220-garnet red metallic-mercedes-benz s-class w220-45-angle-front-view.webp,bbe750c670d713c6d8f76224d328a67f2b55731a9afbd5afb5de48acabea6444,No
2026-10-07 07:16:19,move,S-Class,S-Class\mercedes-benz-s-class-w221 fl-s63 amg-performance saloon-2010–2013-w221 fl s63-spectral blue metallic-mercedes-benz s-class w221 fl-45-angle-front-view.webp,S-Class/45 Angle Front View/mercedes-benz-s-class-w221 fl-s63 amg-performance saloon-2010–2013-w221 fl s63-spectral blue metallic-mercedes-benz s-class w221 fl-45-angle-front-view.webp,044b91ffebeb1e8fa476215e7df2657e7ae2c20983bca9b2c08467dd082407b0,No
2026-10-07 07:16:19,move,S-Class,S-Class\mercedes-benz-s-class-w221-saloon-saloon-2005–2009-w221-obsidian black metallic-mercedes-benz s-class w221-45-angle-front-view.webp,S-Class/45 Angle Front View/mercedes-benz-s-class-w221-saloon-saloon-2005–2009-w221-obsidian black metallic-mercedes-benz s-class w221-45-angle-front-view.webp,54a6536163ce0d3ccf5ea0d74d32d1fdb349e695fc135448516dc1a394f77404,No
2026-10-07 07:16:19,move,S-Class,S-Class\mercedes-benz-s-class-w222-facelift-saloon-2017–2020-new-emerald green metallic-mercedes-benz s-class w222-45-angle-front-view.webp,S-Class/45 Angle Front View/mercedes-benz-s-class-w222-facelift-saloon-2017–2020-new-emerald green metallic-mercedes-benz s-class w222-45-angle-front-view.webp,fda2be03569d0600830ed9b769d7c4de060f1cf9aedb5bf7dcf5dd40fd9f4e50,No
2026-10-07 07:16:19,move,S-Class,S-Class\mercedes-benz-s-class-w222-s63 amg-performance saloon-2013–2017-special-designo mocha black metallic-mercedes-benz s-class w222-45-angle-front-view.webp,S-Class/45 Angle Front View/mercedes-benz-s-class-w222-s63 amg-performance saloon-2013–2017-special-designo mocha black metallic-mercedes-benz s-class w222-45-angle-front-view.webp,ec3fa342f0a3e078d7ed1b8a5980c0a5e0bfc7f870d3acebe3d7732a7291cea9,No
2026-10-07 07:16:19,move,S-Class,S-Class\mercedes-benz-s-class-w222-saloon-saloon-2013–2017-w222-citrine brown metallic-mercedes-benz s-class w222-45-angle-front-view.webp,S-Class/45 Angle Front View/mercedes-benz-s-class-w222-saloon-saloon-2013–2017-w222-citrine brown metallic-mercedes-benz s-class w222-45-angle-front-view.webp,671cf02c72c227e5b034b2b9d821e4e575c802be9ff16ae38a998dd539ad5cfc,No
2026-10-07 07:16:19,move,SL,SL\mercedes-benz-sl-r129 lci-sl-roadster-1995–1998-mercedes facelifted the exterior and lighting-polar white-sl r129 lci sl-45-angle-front-view.webp,SL/45 Angle Front View/mercedes-benz-sl-r129 lci-sl-roadster-1995–1998-mercedes facelifted the exterior and lighting-polar white-sl r129 lci sl-45-angle-front-view.webp,80366e9916efadd7145887f7f9fbc4e87ed079d3fad768ef2263ef37cba0578c,No
2026-10-07 07:16:19,move,SL,SL\mercedes-benz-sl-r129-sl 55 amg-performance roadster-1999–2001-amg-specific wheels body treatment-designo hyacinth red metallic-sl r129 sl 55 amg-45-angle-front-view.webp,SL/45 Angle Front View/mercedes-benz-sl-r129-sl 55 amg-performance roadster-1999–2001-amg-specific wheels body treatment-designo hyacinth red metallic-sl r129 sl 55 amg-45-angle-front-view.webp,1e209b80ff3e13c8d60908ab5c93a3d36e367659dd23e90053e5f2cc6b779bb5,No
2026-10-07 07:16:19,move,SL,SL\mercedes-benz-sl-r129-sl-roadster-1989–1995-completely new wedge 90s design with integrated roll bar-black-sl r129 sl-45-angle-front-view.webp,SL/45 Angle Front View/mercedes-benz-sl-r129-sl-roadster-1989–1995-completely new wedge 90s design with integrated roll bar-black-sl r129 sl-45-angle-front-view.webp,560ab4cdf95931bd83190db45069456845349d8c00a7dc0f1ec6aa515613669e,No
2026-10-07 07:16:19,move,SL,SL\mercedes-benz-sl-r230 lci-sl 63 amg-performance roadster-2008–2011-amg exterior-selenite grey metallic-sl r230 lci sl 63 amg-45-angle-front-view.webp,SL/45 Angle Front View/mercedes-benz-sl-r230 lci-sl 63 amg-performance roadster-2008–2011-amg exterior-selenite grey metallic-sl r230 lci sl 63 amg-45-angle-front-view.webp,b07131a130d34e595871392cd3da4ec7ed1cd219a5647ed644d59b9af855684f,No
2026-10-07 07:16:19,move,SL,SL\mercedes-benz-sl-r230 lci-sl-retractable-hardtop roadster-2006–2008-major visual facelift-designo diamond white bright-sl r230 lci sl-45-angle-front-view.webp,SL/45 Angle Front View/mercedes-benz-sl-r230 lci-sl-retractable-hardtop roadster-2006–2008-major visual facelift-designo diamond white bright-sl r230 lci sl-45-angle-front-view.webp,c16e7a42abc6b1372019784b444a688befcdd0fcb1df394ca3f929aaf957b46e,No
2026-10-07 07:16:19,move,SL,SL\mercedes-benz-sl-r230-sl 500-retractable-hardtop roadster-2001–2006-major redesign plus first vario-roof generation-malachite green metallic-sl r230 sl 500-45-angle-front-view.webp,SL/45 Angle Front View/mercedes-benz-sl-r230-sl 500-retractable-hardtop roadster-2001–2006-major redesign plus first vario-roof generation-malachite green metallic-sl r230 sl 500-45-angle-front-view.webp,5484d0393bb71615a2d43ab2737fa4852908f27568dccbf51086d5528f5a84c9,No
2026-10-07 07:16:19,move,SL,SL\mercedes-benz-sl-r231 lci-sl-roadster-2016–2020-new front rear and lighting-cavansite blue metallic-sl r231 lci sl-45-angle-front-view.webp,SL/45 Angle Front View/mercedes-benz-sl-r231 lci-sl-roadster-2016–2020-new front rear and lighting-cavansite blue metallic-sl r231 lci sl-45-angle-front-view.webp,564272d698cd3223ce4060029e7b7f6dbd9392973c13dfea9c38d3e3f9e73828,No
2026-10-07 07:16:19,move,SL,SL\mercedes-benz-sl-r231-mille miglia 417 edition-special roadster-2015-dedicated anniversary styling-citrine brown metallic-sl r231 mille miglia 417 editi-45-angle-front-view.webp,SL/45 Angle Front View/mercedes-benz-sl-r231-mille miglia 417 edition-special roadster-2015-dedicated anniversary styling-citrine brown metallic-sl r231 mille miglia 417 editi-45-angle-front-view.webp,f2186c50c32f37ebbbe3efd5a5a084266f76c12aa8ab08904a0ae4a7b73d0c22,No
2026-10-07 07:16:19,move,SL,SL\mercedes-benz-sl-r231-sl 63 amg-performance roadster-2012–2015-amg exterior-jupiter red-sl r231 sl 63 amg-45-angle-front-view.webp,SL/45 Angle Front View/mercedes-benz-sl-r231-sl 63 amg-performance roadster-2012–2015-amg exterior-jupiter red-sl r231 sl 63 amg-45-angle-front-view.webp,51afbaa2d923a87862403c195353204d2718f2de60e2970608c179e388e272de,No
2026-10-07 07:16:19,move,SL,SL\mercedes-benz-sl-r231-sl-roadster-2012–2015-new aluminium generation and completely new styling-obsidian black metallic-sl r231 sl-45-angle-front-view.webp,SL/45 Angle Front View/mercedes-benz-sl-r231-sl-roadster-2012–2015-new aluminium generation and completely new styling-obsidian black metallic-sl r231 sl-45-angle-front-view.webp,45877958df07c734ff0b3ffaf7662073d2d2813aebb5891f774f28ce683d63d7,No
2026-10-07 07:16:19,move,SL,SL\mercedes-benz-sl-r232-sl 55 amg-performance roadster-2022–-new amg-developed generation-spectral blue metallic-sl r232 sl 55 amg-45-angle-front-view.webp,SL/45 Angle Front View/mercedes-benz-sl-r232-sl 55 amg-performance roadster-2022–-new amg-developed generation-spectral blue metallic-sl r232 sl 55 amg-45-angle-front-view.webp,9bbb9928bbc065603552d52d90e640fd3305f48e113cbd67db91494b577ef510,No
2026-10-07 07:16:19,move,SL,SL\mercedes-benz-sl-r232-sl 63 4matic+ golden coast-special roadster-2024-dedicated design edition-high-tech silver metallic-sl r232 sl 63 4matic golden co-45-angle-front-view.webp,SL/45 Angle Front View/mercedes-benz-sl-r232-sl 63 4matic+ golden coast-special roadster-2024-dedicated design edition-high-tech silver metallic-sl r232 sl 63 4matic golden co-45-angle-front-view.webp,fe87b54241beed61c497e64ee51724bfcc7b52691d50ac5edee16b2a2eb0b701,No
2026-10-07 07:16:19,move,SL,SL\mercedes-benz-sl-r232-sl 63 amg motorsport collectors edition-special roadster-2023-edition-specific livery finish-amg solarbeam yellow-sl r232 sl 63 amg motorsport-45-angle-front-view.webp,SL/45 Angle Front View/mercedes-benz-sl-r232-sl 63 amg motorsport collectors edition-special roadster-2023-edition-specific livery finish-amg solarbeam yellow-sl r232 sl 63 amg motorsport-45-angle-front-view.webp,84b13d0dd521b6ce8cc8777183cb89ed2f98da73aa423b4f73359380214b225b,No
2026-10-07 07:16:19,move,SL,SL\mercedes-benz-sl-r232-sl 63 amg-performance roadster-2022–-same core exterior; representative flagship-designo mocha black metallic-sl r232 sl 63 amg-45-angle-front-view.webp,SL/45 Angle Front View/mercedes-benz-sl-r232-sl 63 amg-performance roadster-2022–-same core exterior; representative flagship-designo mocha black metallic-sl r232 sl 63 amg-45-angle-front-view.webp,7df89a05fcbdf8c55b250b4c51fddf814e583d5146d8c4f0635b26aa829ddec6,No
2026-10-07 07:16:19,move,SLC,SLC\mercedes-benz-slc-r172-slc 200-roadster-2016–2019-2016 facelift included redesign and name change-hyacinth red metallic-slc r172 slc 200-45-angle-front-view.webp,SLC/45 Angle Front View/mercedes-benz-slc-r172-slc 200-roadster-2016–2019-2016 facelift included redesign and name change-hyacinth red metallic-slc r172 slc 200-45-angle-front-view.webp,907bbd9e2080771e8a647992b04ed466b3022a3f58c814ecc0b076d9825837b4,No
2026-10-07 07:16:19,move,SLC,SLC\mercedes-benz-slc-r172-slc 43 amg-performance roadster-2016–2019-amg-specific exterior-obsidian black metallic-slc r172 slc 43 amg-45-angle-front-view.webp,SLC/45 Angle Front View/mercedes-benz-slc-r172-slc 43 amg-performance roadster-2016–2019-amg-specific exterior-obsidian black metallic-slc r172 slc 43 amg-45-angle-front-view.webp,db3fe08a86e1bdd668e06dc73540ee1d4d1d11025e8c77e3e74425d4fe79eac3,No
2026-10-07 07:16:19,move,SLK,SLK\mercedes-benz-slc-r170 slk-slk 200-roadster-1996–2000-original compact retractable-hardtop roadster-horizon blue metallic-slc r170 slk slk 200-45-angle-front-view.webp,SLK/45 Angle Front View/mercedes-benz-slc-r170 slk-slk 200-roadster-1996–2000-original compact retractable-hardtop roadster-horizon blue metallic-slc r170 slk slk 200-45-angle-front-view.webp,86ed497b03f99b484ccfaa74121852cb4011a42e624e2126a819f3bfb018a68b,No
2026-10-07 07:16:19,move,SLK,SLK\mercedes-benz-slc-r171 lci-slk-roadster-2008–2011-major facelift-brilliant silver metallic-slc r171 lci slk-45-angle-front-view.webp,SLK/45 Angle Front View/mercedes-benz-slc-r171 lci-slk-roadster-2008–2011-major facelift-brilliant silver metallic-slc r171 lci slk-45-angle-front-view.webp,a2cb8f9e55fc16901bc0ef75eed97aef2627774c3e2518b8f3a61b27f96702c5,No
2026-10-07 07:16:19,move,SLK,SLK\mercedes-benz-slc-r171-slk 55 amg-performance roadster-2004–2011-amg-specific exterior-designo hyacinth red metallic-slc r171 slk 55 amg-45-angle-front-view.webp,SLK/45 Angle Front View/mercedes-benz-slc-r171-slk 55 amg-performance roadster-2004–2011-amg-specific exterior-designo hyacinth red metallic-slc r171 slk 55 amg-45-angle-front-view.webp,02f0dfbaa8b1dc04e750b0e8c2a73b656e01f4d5e126c93b9d394658218f06ea,No
2026-10-07 07:16:19,move,SLK,SLK\mercedes-benz-slc-r171-slk-roadster-2004–2008-new generation front design-glut red-slc r171 slk-45-angle-front-view.webp,SLK/45 Angle Front View/mercedes-benz-slc-r171-slk-roadster-2004–2008-new generation front design-glut red-slc r171 slk-45-angle-front-view.webp,e1d40df1c1c4b57f1c2dff50dfab0434387355f6cbd5fbdf52d5beb9770799df,No
2026-10-07 07:16:19,move,SLK,SLK\mercedes-benz-slc-r172-slk 55 amg-performance roadster-2012–2016-amg exterior-selenite grey metallic-slc r172 slk 55 amg-45-angle-front-view.webp,SLK/45 Angle Front View/mercedes-benz-slc-r172-slk 55 amg-performance roadster-2012–2016-amg exterior-selenite grey metallic-slc r172 slk 55 amg-45-angle-front-view.webp,c97b54f564b8ab8bd75685b8484372a79f83570eea338334ee900281e04c6b35,No
2026-10-07 07:16:19,move,SLK,SLK\mercedes-benz-slc-r172-slk-roadster-2011–2016-new generation-cavansite blue metallic-slc r172 slk-45-angle-front-view.webp,SLK/45 Angle Front View/mercedes-benz-slc-r172-slk-roadster-2011–2016-new generation-cavansite blue metallic-slc r172 slk-45-angle-front-view.webp,30f98bc2f90e7af05233165a58ec01a92a3a9a06be389abf0ec5385f40f5062c,No
2026-10-07 07:16:19,move,SLK,SLK\mercedes-benz-slk-r170-slk 200-roadster-1996–2000-same vehicle family as original slc slk entry-horizon blue metallic-slk r170 slk 200-45-angle-front-view.webp,SLK/45 Angle Front View/mercedes-benz-slk-r170-slk 200-roadster-1996–2000-same vehicle family as original slc slk entry-horizon blue metallic-slk r170 slk 200-45-angle-front-view.webp,ed41121d09afa7610dc85d79481521e60a6cb62947973a599ccad671e0bf2e0a,No
2026-10-07 07:16:19,move,SLK,SLK\mercedes-benz-slk-r171 lci-slk-roadster-2008–2011-same facelift represented above-brilliant silver metallic-slk r171 lci slk-45-angle-front-view.webp,SLK/45 Angle Front View/mercedes-benz-slk-r171 lci-slk-roadster-2008–2011-same facelift represented above-brilliant silver metallic-slk r171 lci slk-45-angle-front-view.webp,b5e0867838668d1eb213d74e160d799afc1a21c9178c6d9a29ee82b80872dbe7,No
2026-10-07 07:16:19,move,SLK,SLK\mercedes-benz-slk-r171-slk-roadster-2004–2008-same generation already represented-glut red-slk r171 slk-45-angle-front-view.webp,SLK/45 Angle Front View/mercedes-benz-slk-r171-slk-roadster-2004–2008-same generation already represented-glut red-slk r171 slk-45-angle-front-view.webp,80d0bf745e6e664ccef30e9d9452e4d1599d01de166c5d5929a26bbf0eed3634,No
2026-10-07 07:16:19,move,SLK,SLK\mercedes-benz-slk-r172-slk-roadster-2011–2016-same r172 body as slc-cavansite blue metallic-slk r172 slk-45-angle-front-view.webp,SLK/45 Angle Front View/mercedes-benz-slk-r172-slk-roadster-2011–2016-same r172 body as slc-cavansite blue metallic-slk r172 slk-45-angle-front-view.webp,7ee20f01349d579734ac3d4e78d9270ca3f88c0d2fb6750802386f74790b1cdc,No
2026-10-07 07:16:19,move,Sprinter,Sprinter\mercedes-benz-sprinter-w906 lci-panel van-van-2013–2018-major facelift-brilliant silver metallic-sprinter w906 lci panel-45-angle-front-view.webp,Sprinter/45 Angle Front View/mercedes-benz-sprinter-w906 lci-panel van-van-2013–2018-major facelift-brilliant silver metallic-sprinter w906 lci panel-45-angle-front-view.webp,493866bf76d6308b1e28c3f5b9aabab7cb2d1347cbb277c84eaef8f01c00417c,No
2026-10-07 07:16:19,move,Sprinter,Sprinter\mercedes-benz-sprinter-w906-4x4-off-road van-2006–2018-distinct elevated off-road configuration-dark graphite grey-sprinter w906 4x4-45-angle-front-view.webp,Sprinter/45 Angle Front View/mercedes-benz-sprinter-w906-4x4-off-road van-2006–2018-distinct elevated off-road configuration-dark graphite grey-sprinter w906 4x4-45-angle-front-view.webp,061ad4f4f83237f4fb5c95e8df487c6b2c67dd7cf221005409a3386124b90376,No
2026-10-07 07:16:19,move,Sprinter,Sprinter\mercedes-benz-sprinter-w907 w910-4x4-off-road van-2019–-distinct raised off-road configuration-navy blue-sprinter w907 w910 4x4-45-angle-front-view.webp,Sprinter/45 Angle Front View/mercedes-benz-sprinter-w907 w910-4x4-off-road van-2019–-distinct raised off-road configuration-navy blue-sprinter w907 w910 4x4-45-angle-front-view.webp,34ba5553605f3c0beca34e72fce6912af4739dce0dd04aef576d0acd09b9169e,No
2026-10-07 07:16:19,move,Sprinter,Sprinter\mercedes-benz-sprinter-w907 w910-chassis cab-commercial-2018–-different rear body structure-high-tech silver metallic-sprinter w907 w910 chassis-45-angle-front-view.webp,Sprinter/45 Angle Front View/mercedes-benz-sprinter-w907 w910-chassis cab-commercial-2018–-different rear body structure-high-tech silver metallic-sprinter w907 w910 chassis-45-angle-front-view.webp,8a4130915b0857a76d810ba2e0b22e3b0262a39b24c3ccc4223842f2baf3627a,No
2026-10-07 07:16:19,move,Sprinter,Sprinter\mercedes-benz-sprinter-w907 w910-crew van-passenger van-2018–-different body windows-selenite grey metallic-sprinter w907 w910 crew-45-angle-front-view.webp,Sprinter/45 Angle Front View/mercedes-benz-sprinter-w907 w910-crew van-passenger van-2018–-different body windows-selenite grey metallic-sprinter w907 w910 crew-45-angle-front-view.webp,4e651339e302e2b1997fc447bd9788cf82246785181efec95ca7cda03cfaaf95,No
2026-10-07 07:16:19,move,Sprinter,Sprinter\mercedes-benz-sprinter-w907 w910-esprinter-electric van-2020–-same core body; ev identity-velvet red-sprinter w907 w910 esprinter-45-angle-front-view.webp,Sprinter/45 Angle Front View/mercedes-benz-sprinter-w907 w910-esprinter-electric van-2020–-same core body; ev identity-velvet red-sprinter w907 w910 esprinter-45-angle-front-view.webp,088aebdacec57bbe1312df0a98c282436b094e30ac4d48d2ec806d37d62f0e11,No
2026-10-07 07:16:19,move,Sprinter,Sprinter\mercedes-benz-sprinter-w907 w910-panel van-van-2018–-third generation-hyacinth red-sprinter w907 w910 panel-45-angle-front-view.webp,Sprinter/45 Angle Front View/mercedes-benz-sprinter-w907 w910-panel van-van-2018–-third generation-hyacinth red-sprinter w907 w910 panel-45-angle-front-view.webp,7046cabb10646e9857bd8cb06494d136d7bd59d6c57813a3e1f5ad2e3f91623c,No
2026-10-07 07:16:19,move,V-Class,V-Class\mercedes-benz-v-class-w447 lci-v300d exclusive-luxury mpv-2019–2024-v300d exclusive-brilliant silver metallic-v-class w447 lci v300d exclusi-45-angle-front-view.webp,V-Class/45 Angle Front View/mercedes-benz-v-class-w447 lci-v300d exclusive-luxury mpv-2019–2024-v300d exclusive-brilliant silver metallic-v-class w447 lci v300d exclusi-45-angle-front-view.webp,cac55913205e4968b70be82eb2426a16c16188f8f7c45ddbe91533ed6b77af5b,No
2026-10-07 07:16:19,move,Vito,Vito\mercedes-benz-vito-w447 lci-mixto-van-2019–-w447 fl mixto-dark graphite grey-vito w447 lci mixto-45-angle-front-view.webp,Vito/45 Angle Front View/mercedes-benz-vito-w447 lci-mixto-van-2019–-w447 fl mixto-dark graphite grey-vito w447 lci mixto-45-angle-front-view.webp,c21b898d29f72e58bbb26201bc9dad0becb1aa34d0d386041591061de3ade4c3,No
2026-10-07 07:16:19,move,Vito,Vito\mercedes-benz-vito-w447 lci-panel van-van-2019–-w447 fl-cavansite blue metallic-vito w447 lci panel-45-angle-front-view.webp,Vito/45 Angle Front View/mercedes-benz-vito-w447 lci-panel van-van-2019–-w447 fl-cavansite blue metallic-vito w447 lci panel-45-angle-front-view.webp,43e995fedaae1c9d678ca23120d4057f3ceea43e7a769e820d0e916d966b6754,No
2026-10-07 07:16:19,move,Vito,Vito\mercedes-benz-vito-w447 lci-tourer-passenger van-2019–-w447 fl tourer-hyacinth red-vito w447 lci tourer-45-angle-front-view.webp,Vito/45 Angle Front View/mercedes-benz-vito-w447 lci-tourer-passenger van-2019–-w447 fl tourer-hyacinth red-vito w447 lci tourer-45-angle-front-view.webp,f9210ae68a50c2878a4c0e9d5db216ad31b0842cf20cf788f882c97daa0de1d9,No
2026-10-07 07:16:19,move,Vito,Vito\mercedes-benz-vito-w447-evito tourer-electric passenger van-2020–-evito tourer-navy blue-vito w447 evito tourer-45-angle-front-view.webp,Vito/45 Angle Front View/mercedes-benz-vito-w447-evito tourer-electric passenger van-2020–-evito tourer-navy blue-vito w447 evito tourer-45-angle-front-view.webp,1bcefba9cf99d6bfa10c7a046e1c1d27b0655c6c14d9cdb4b03f2a8477338c8c,No
2026-10-07 07:16:19,move,Vito,Vito\mercedes-benz-vito-w447-evito-electric van-2018–-evito-high-tech silver metallic-vito w447 evito-45-angle-front-view.webp,Vito/45 Angle Front View/mercedes-benz-vito-w447-evito-electric van-2018–-evito-high-tech silver metallic-vito w447 evito-45-angle-front-view.webp,51d9c87bc55d3f06889d283a333d2f11c5096d2457fab8c998e78251fd76db0f,No
2026-10-07 07:16:19,move,Vito,Vito\mercedes-benz-vito-w447-panel van-van-2014–2019-w447 vito-steel blue-vito w447 panel-45-angle-front-view.webp,Vito/45 Angle Front View/mercedes-benz-vito-w447-panel van-van-2014–2019-w447 vito-steel blue-vito w447 panel-45-angle-front-view.webp,a5fa9a4629c9d16b8bb25f95d3ef530ff26826596d5056252929ed14c3ff21be,No
2026-10-07 07:16:19,move,Vito,Vito\mercedes-benz-vito-w447-tourer-passenger van-2014–2019-w447 tourer-brilliant silver metallic-vito w447 tourer-45-angle-front-view.webp,Vito/45 Angle Front View/mercedes-benz-vito-w447-tourer-passenger van-2014–2019-w447 tourer-brilliant silver metallic-vito w447 tourer-45-angle-front-view.webp,2e987d7bc590afcf338df56ae373c0a936f6997d3a744e06c3d25c1d56caf501,No
2026-10-07 07:16:19,move,Vito,Vito\mercedes-benz-vito-w639 lci-panel van-van-2010–2014-w639 fl-pebble grey-vito w639 lci panel-45-angle-front-view.webp,Vito/45 Angle Front View/mercedes-benz-vito-w639 lci-panel van-van-2010–2014-w639 fl-pebble grey-vito w639 lci panel-45-angle-front-view.webp,1406c91d0812f1f22f4437730b9bb7444bd53e18705fe73d594ed6a927cbae33,No
2026-10-07 07:16:19,move,Vito,Vito\mercedes-benz-vito-w639-crew dualiner-van-2003–2010-w639 dualiner-jupiter red-vito w639 crew-45-angle-front-view.webp,Vito/45 Angle Front View/mercedes-benz-vito-w639-crew dualiner-van-2003–2010-w639 dualiner-jupiter red-vito w639 crew-45-angle-front-view.webp,7de839d921ffba5b51070334b4f927d3ffba5f4905756857108ef63c5a332f2d,No
2026-10-07 07:16:19,move,Vito,Vito\mercedes-benz-vito-w639-panel van-van-2003–2010-w639 vito-obsidian black metallic-vito w639 panel-45-angle-front-view.webp,Vito/45 Angle Front View/mercedes-benz-vito-w639-panel van-van-2003–2010-w639 vito-obsidian black metallic-vito w639 panel-45-angle-front-view.webp,3c3d6733ba950149ff9bec4804c5208cafdff9a64cec12b98b52180c33069e9a,No
